dayId,wordId,title,meaning,correctCount,wrongCount
1 ,1,unwitting,자신도 모르는,0,0
1 ,2,unobservant,"부주의한, 지키지 않는",0,0
1 ,3,puganacious,"싸우기좋아하는, 호전적인",0,0
1 ,4,viable,"실행가능한, 성공할 수 있는",0,0
1 ,5,docile,"온순한, 말잘듣는",0,0
1 ,6,subjugate,"예속시키다, 정벌하다",0,0
1 ,7,loath,싫은,0,0
1 ,8,dauntless,"불굴의, 강건한",0,0
1 ,9,imminent,임박하다,0,0
1 ,10,trite,"흔해빠진, 진부한",0,0
1 ,11,compliment,경의의,0,0
1 ,12,tirade,"장황한 비난, 장광설",0,0
1 ,13,extirpate,"제거하다, 없애다, 일소하다,근절하다",0,0
1 ,14,imperative,"반드시해야하는, 위엄있는",0,0
1 ,15,reproach,"비난, 책망",0,0
1 ,16,prophetic,"예언의, 예언적인",0,0
1 ,17,penitent,"회개하다,참회하다",0,0
1 ,18,upsurge,급증,0,0
1 ,19,conviction,"유죄선고, 신념",0,0
1 ,20,on a par with ~,~와 같은 수준의,0,0
1 ,21,frailty,"여림, 약점",0,0
1 ,22,condemn,"규탄하다, 비난",0,0
1 ,23,allure,매력,0,0
1 ,24,bootless,쓸모없다,0,0
1 ,25,garble,"멋대로고치다,오전하다, 왜곡하다, 부룬물",0,0
1 ,26,suitor,구혼자,0,0
1 ,27,intractable,다루기힘든,0,0
1 ,28,malfeasance,"불법, 부정행위",0,0
1 ,29,tangentially,"접하는, 거의 관계없이 접하기만하는",0,0
1 ,30,heterodox,"이설의, 비주류의, 이단의",0,0
2 ,31,fulsome,"역겨운, 지나친,집요한, 진실성 없이 과장된",0,0
2 ,32,jibe,"험담, 모욕적인말, 조화하다,일치하다",0,0
2 ,33,galvanize,"활기차게하다, 북돋우다",0,0
2 ,34,encomiastic,칭찬의/찬사의,0,0
2 ,35,concision,"간결, 절제",0,0
2 ,36,benign,"상냥한, 점잖은",0,0
2 ,37,soporific,최면성의,0,0
2 ,38,ineffectual,"무능력한, 능력없는",0,0
2 ,39,fretful,"조마조마해하는, 성마른, 안달하는",0,0
2 ,40,peddle,"팔러다니다, 퍼트리다",0,0
2 ,41,tap into,"다가가다, 친구가 되다",0,0
2 ,42,cabal,음모,0,0
2 ,43,implication,"관련, 내포하는",0,0
2 ,44,sketchy,겉핥기의,0,0
2 ,45,shoddy,"싸구려, 가짜의",0,0
2 ,46,list,기울어진,0,0
2 ,47,abbreviate,"줄여쓰다, 축약하다",0,0
2 ,48,mendacity,"거짓된 행동, 허위",0,0
2 ,49,incorrigibly,"구제할 수 없는, 고칠수 없는",0,0
2 ,50,laconic,"말을 많이하지않는, 간결한",0,0
2 ,51,cosset,"애지중지하다, 응석받이,과보호",0,0
2 ,52,consensus,의견합치,0,0
2 ,53,unerring,"틀림없는, 항상정확",0,0
2 ,54,game,"계획, 방침, 속셈, 수작, 계략",0,0
2 ,55,venomous,"독설하는, 신랄한",0,0
2 ,56,corroborated,"입증하다, 제공하다",0,0
2 ,57,deadend,막다른길,0,0
2 ,58,impinge,"나쁜 영향을 주다, 침해하다",0,0
2 ,59,premature,성급한,0,0
2 ,60,germane to,"적절한,~와 깊은 관계가 있는",0,0
3 ,61,crooning,부드럽게 노래하다,0,0
3 ,62,boorish,"상스러운, 천박한",0,0
3 ,63,exacting,"어려운, 엄격한",0,0
3 ,64,secular,세속적인,0,0
3 ,65,scathe,"위해, 손해, 혹평하다",0,0
3 ,66,foreground,"전경, 중요",0,0
3 ,67,founder,"침수,침몰하다,실패하다",0,0
3 ,68,epitome,"완벽한 본보기, 전형, 축도",0,0
3 ,69,stratified,"층화의,계층화된",0,0
3 ,70,bucolic,"전원의, 목가적인",0,0
3 ,71,assidiuous,"근면한, 성실한",0,0
3 ,72,mobilize,"동원되다, 집결시키다",0,0
3 ,73,cliquish,"파벌적인, 배타적인",0,0
3 ,74,stolid,"둔감한, 무신경한",0,0
3 ,75,suppleness,유연성,0,0
3 ,76,exasperate,격분하는 화가나는,0,0
3 ,77,reiteration,"반복, 중언부언",0,0
3 ,78,abrogate,"폐지하다, 파기하다",0,0
3 ,79,altercation,말다툼,0,0
3 ,80,cowardice,"겁, 비겁",0,0
3 ,81,shrieking,"소리, 비명을 지르다, 비명",0,0
3 ,82,substantial,"상당한, 크고 단단한",0,0
3 ,83,brevity,"짧은, 간결함",0,0
3 ,84,disparate,"이질적인, 서로 다른",0,0
3 ,85,chary,~를 꺼리는,0,0
3 ,86,cheifdomm,"부족, 족",0,0
3 ,87,astute,"약삭빠른, 영악한",0,0
3 ,88,sparing,아끼는 인색한,0,0
3 ,89,poignant,"가슴아픈, 슬픈, 사무치는",0,0
3 ,90,irresolution,우유부단한,0,0
4 ,91,impeccable,"결점없는, 죄없는",0,0
4 ,92,nonconformist,"strange, idiosyncratic",0,0
4 ,93,refractory,"다루기힘든, 불량한, 난치의, 말안듣는",0,0
4 ,94,lax,"느슨한, 단정치 못한",0,0
4 ,95,spurious,가짜의,0,0
4 ,96,conversant,정통해있는 익숙한,0,0
4 ,97,nomenclature,학술적 명명법,0,0
4 ,98,elucidation,명확한,0,0
4 ,99,bludgeoning,"패다, 강요하다, 강제하다",0,0
4 ,100,exuberance,"풍부 윤택함, 열광적",0,0
4 ,101,perseverance,인내심,0,0
4 ,102,astringent,"톡쏘는 신랄한, ",0,0
4 ,103,inexorable,"거침없는, 멈출수 없는, 불변의, 고칠수없는",0,0
4 ,104,applaud,칭찬하다,0,0
4 ,105,vacuity,"멍함, 멍청함, 허함",0,0
4 ,106,cutting-edge,"최첨단, 활력소",0,0
4 ,107,improvising,"즉흥적으로, 임시방편, 급조하다",0,0
4 ,108,studied,"세심하게 계획된, 만든",0,0
4 ,109,affable,"상냥한, 사근사근한",0,0
4 ,110,confound,"어리둥절하게 만들다, ~이 틀렸음을 입증하다",0,0
4 ,111,incredulity,"불신, 의심많은",0,0
4 ,112,belie,"거짓으로 보여주다, 가리다",0,0
4 ,113,nothing if not,very,0,0
4 ,114,temper,완화시키다,0,0
4 ,115,cataclysmic,대변혁의,0,0
4 ,116,obfuscation,"모호한, 애매하게하다. 희미하게하다",0,0
4 ,117,targeted manner,전략적 방법,0,0
4 ,118,prodical,"낭비하는, 방탕한",0,0
4 ,119,concession,"양보, 양해, 인정",0,0
4 ,120,discretionary,자유재량에 의한,0,0
5 ,121,lionize,"떠받들다, 맞이하다,대우하다",0,0
5 ,122,must have found -ing,"~로 느꼇을것이다, 발견햇을것이다",0,0
5 ,123,recapitulate,개요를말하다,0,0
5 ,124,harness,이용하다,0,0
5 ,125,recrudescence,"재발, 재연, 부활",0,0
5 ,126,predilection,"애호, 성향, 익애",0,0
5 ,127,frivolity,"까부는 짓, 천박한",0,0
5 ,128,futile,별로 안중요한,0,0
5 ,129,repulse,"거절되다, 반대하다",0,0
5 ,130,undeserved,"부당한, 과분한, 받을자격이 없는",0,0
5 ,131,mitigate,완화 경감시키다,0,0
5 ,132,ebullient,"패기만만한, 열광적인",0,0
5 ,133,commended,"격찬받은, 추상된",0,0
5 ,134,proscriptive,"추방의, 금지의, 제한의,엄격",0,0
5 ,135,virtue,"미덕, 선, 고결, 장점, 정절, 가치",0,0
5 ,136,inure,"단련하다, 익히다, 익숙해지다, 도움이 되다",0,0
5 ,137,wholesale,대규모의,0,0
5 ,138,fathom,"헤아리다, 가늠하다",0,0
5 ,139,hagiographic,"성인전, 칭송일색전기",0,0
5 ,140,dour,"시무룩한, 음침한, 재미없는, 뚱한",0,0
5 ,141,long-winded,"길고지루한, 장황한",0,0
5 ,142,manifest,"나타내다, 드러내보이다,명백한",0,0
5 ,143,monolithic,"하나의 암석으로된, 획일적인",0,0
5 ,144,deprecatory,"비난하는, 경시적인, 변명적인",0,0
5 ,145,vociferous,"소리높여 표현하는, 외치는, 피력하는",0,0
5 ,146,superfulous,"필요치않은, 불필요한",0,0
5 ,147,grandstanding,"사람의 눈길을 끌려는 행위, 과시",0,0
5 ,148,numbleness,민첩한 재빠른,0,0
5 ,149,vertiginous,"dizzy, 아찔한",0,0
5 ,150,affront,"모욕, 상처, 모욕하다, 상처주다",0,0
6 ,151,lopsided,"한쪽으로 치우친, 편파적인",0,0
6 ,152,repudiation,"거부하다, 물리치다",0,0
6 ,153,assuage,"누그러트리다, 달래다, 완화하다",0,0
6 ,154,relinquisihing,포기하는,0,0
6 ,155,condescend,"자신을 낮추다, 잘난체하다",0,0
6 ,156,glean,찾아내다,0,0
6 ,157,endorse,"지지하다, 보증하다",0,0
6 ,158,bumbling,"실수잘하는, 젠체하는",0,0
6 ,159,reciprocity,"호혜, 상호주의",0,0
6 ,160,perilous,"위험한, 모험적인",0,0
6 ,161,unwieldy,"다루기불편한, 통제힘든",0,0
6 ,162,perfunctory,"형식적인, 습관적인",0,0
6 ,163,plebian,"평범하고, 재미없음",0,0
6 ,164,trivialize,경시하다,0,0
6 ,165,let alone,"~커녕, ~는 고사하고",0,0
6 ,166,irreparable,"회복할 수 없는, 상당한, 심각한",0,0
6 ,167,burnish,광내다,0,0
6 ,168,paltry,"보잘것 없는,쓸데없는,시시한",0,0
6 ,169,fret,"조바심치다, 조마조마하다",0,0
6 ,170,amenable,"말을 잘 듣는, 처리할 수 있는",0,0
6 ,171,quirky,"정상벗어난, 색다른, 엉뚱",0,0
6 ,172,extrapolate,"추론하다, 추정하다",0,0
6 ,173,abnegation,"자제, 거부",0,0
6 ,174,reined in,"고삐를 죄다, 억제하다",0,0
6 ,175,dire,"지독한, 심각한, 끔찍한",0,0
6 ,176,cajoles,회유하다,0,0
6 ,177,guided,이끌리는,0,0
6 ,178,~and all,~~까지 ,0,0
6 ,179,subterfuge,속임수,0,0
6 ,180,disheartening,낙담시키는,0,0
7 ,181,hubris,"오만, 자기과신,자만심",0,0
7 ,182,superlative,"최상의, 최상급의",0,0
7 ,183,spartan,"검소한, 엄격한, 스파르타식의",0,0
7 ,184,reception,"환영, 평판, 반응",0,0
7 ,185,incipient,"막 시작된, 조짐, 초기의",0,0
7 ,186,subservient,"굴종하는, 부차적인",0,0
7 ,187,churn,"뒤틀리다, 휘젓다, 부글거리다",0,0
7 ,188,keep~at bay,"다가오지 못하게하다, 사냥개월",0,0
7 ,189,tortuous,"길고복잡한, 우여곡절이많은",0,0
7 ,190,momentous,중대한,0,0
7 ,191,beguiling,"묘한매력이있는, 구슬리다,이끌다",0,0
7 ,192,tepid,미지근한,0,0
7 ,193,implacable,"무자비한, 앙심깊은",0,0
7 ,194,excoriated,지나치게 신랄하게 비판하다,0,0
7 ,195,woeful,"통탄할, 한심한",0,0
7 ,196,pitfall,"위험, 함정",0,0
7 ,197,augment,"늘리다, 증가시키다, 보강하다",0,0
7 ,198,clarion,"클라리온, 명쾌한 나팔소리, 낭랑한",0,0
7 ,199,hone,"연마하다, 갈다",0,0
7 ,200,forgo,포기하다,0,0
7 ,201,debilitate,"약화시키다,쇠약하게",0,0
7 ,202,rebel,"반역자, 반대자",0,0
7 ,203,idle,게으른,0,0
7 ,204,precipice,절벽,0,0
7 ,205,self-effacing,자신을 내세우지않는,0,0
7 ,206,refute,반박,0,0
7 ,207,counterpoint,"대위법, 대조로 강조하다",0,0
7 ,208,scant,"부족한, 하찮은,",0,0
7 ,209,vantage,"우세, 유리한점",0,0
7 ,210,inane,"공허한, 의미없는, 헛된",0,0
8 ,211,adroit,"노련한, 능숙한",0,0
8 ,212,exploitative,착취하는,0,0
8 ,213,contrail,비행운,0,0
8 ,214,surly,퉁명스러운,0,0
8 ,215,baffling,"당황하게하는,이해할수 없는, 저해하는",0,0
8 ,216,elitist,"소수정예의, 엘리트주의의",0,0
8 ,217,preside,"주도하다,사회를보다, 이끌다",0,0
8 ,218,ineluctable,피할수 없는,0,0
8 ,219,quadrant,사분면의,0,0
8 ,220,hew to,"~을 따르다, 준수하다, 신봉하다",0,0
8 ,221,concomitants,"부수적인, 동반일어나는",0,0
8 ,222,inexplicably,"불가해하게, 설명할수없지만",0,0
8 ,223,banal,평범한,0,0
8 ,224,approbatory,"승인의 ,칭찬의",0,0
8 ,225,start out,의도를 지니고 시작하다,0,0
8 ,226,respite,"일시적인 한숨돌리기, 마음편한, 안도",0,0
8 ,227,espouse,"지지하다, 주장하다",0,0
8 ,228,triumvirate,삼두 정치,0,0
8 ,229,officious,"간섭하는, 으스대는",0,0
8 ,230,dilatory,미적거리는 지체시키는,0,0
8 ,231,riot,"폭동자,폭도",0,0
8 ,232,entice,"유도하다, 유인하다",0,0
8 ,233,specious,"허울좋은, 겉만 그럴듯한",0,0
8 ,234,dreary,"음울한, 따분한",0,0
8 ,235,incisiveness,"예민한, 예리한",0,0
8 ,236,visionary,"비현실적인, 환영의",0,0
8 ,237,indolent,"게으른, 나태한",0,0
8 ,238, gleaming,빛나는,0,0
8 ,239,egregious,"지독한, 터무니없는",0,0
8 ,240,unimpeded,"방해받지 않는, 가로막히지 않은",0,0
9 ,241,manacing,"위협적인, 협박하는",0,0
9 ,242,taxing,"아주 힘든, 고생스러운",0,0
9 ,243,pugnacious,호전적인,0,0
9 ,244,reinvent,다른모습을 보여주다,0,0
9 ,245,relic,"유물, 잔해",0,0
9 ,246,malady,병폐,0,0
9 ,247,conductive,"전도하는, 전도성의",0,0
9 ,248,felicitous,"절묘하게 어울리는, 적절한",0,0
9 ,249,inception,"시작, 개시, 처음",0,0
9 ,250,roil,"휘젓다, 화나게하다, 날뛰다, 교란",0,0
9 ,251,eloquence,"달변, 감동시키는 힘, 열변",0,0
9 ,252,expiation,"속죄, 보상",0,0
9 ,253,colloquial,"구어의, 일상적인, 대화체의",0,0
9 ,254,rambling,"횡설수설, 두서없는, 사방으로 뻗는",0,0
9 ,255,disposition,"기질, 성질",0,0
9 ,256,rebels,반대자들,0,0
9 ,257,heredity,"유전, 유전적 특징",0,0
9 ,258,corroborate,"제공하다, 확증하다, 입증하다, 보완하다",0,0
9 ,259,exude,"물씬풍기다, 흘리다, 스며나오다",0,0
9 ,260,qauandary,"진퇴양난, 곤경",0,0
9 ,261,forfeited,"몰수된, 박탈당한",0,0
9 ,262,prospect,"가망, 가능성, 예상, 탐사하다",0,0
9 ,263,transient,"일시적인, 순간적인",0,0
9 ,264,tenure,"재임기간, 종신재직",0,0
9 ,265,entrench,단단히 자리잡게 하다,0,0
9 ,266,impetuous,"성급한, 충동적인",0,0
9 ,267,onerous,"아주힘든, 부담스러운, 무거운",0,0
9 ,268,entity,독립체,0,0
9 ,269,tacit,"암묵적인, 무언의",0,0
9 ,270,irascible,화를잘내는,0,0
10 ,271,pet theory,"지론, 변하지않고 늘지니는 의견",0,0
10 ,272,testable,"검사,확인가능한",0,0
10 ,273,sublime,"숭고한, 지고한",0,0
10 ,274,desperate,"자포자기한,발악하는,필사적인",0,0
10 ,275,subtlety,"미묘함, 예민함, 중요한 디테일",0,0
10 ,276,resentment,"분함, 분개, 억울함",0,0
10 ,277,so A as to be B,너무 A해서 B할정도,0,0
10 ,278,perennial,"지속되는, 영원한, 반복되는, 다년생의",0,0
10 ,279,dissolution,"파경, 해소, 소멸, 해산",0,0
10 ,280,preclude,"배제하다.~못하게하다, 불가능하게하다",0,0
10 ,281,pejorative,"경멸적인, 비난투의",0,0
10 ,282,spew,"분출하다, 토하다, 내뿜다",0,0
10 ,283,specimen,"견본, 샘플, 표본",0,0
10 ,284,countenance,"얼굴, 표정, 지지하다, 동의하다",0,0
10 ,285,in all but name,"바지사장처럼, 명목상으로만",0,0
10 ,286,epoch,"시대, 세",0,0
10 ,287,pertain,"존재하다, 관련되다, 적절한",0,0
10 ,288,obeisance,고분고분함,0,0
10 ,289,impregnable,"난공불락의, 확고의",0,0
10 ,290,kiln,가마,0,0
10 ,291,opprobrious,"모욕적인, 야비한, 상스러운, 창피한, 부끄러운",0,0
10 ,292,rarefied,"극히 소수만 이해하는, 심원의",0,0
10 ,293,antiseptic,"소독제, 소독된",0,0
10 ,294,inexplicable,"불가해한, 설명할수없는",0,0
10 ,295,phlegmatic,"침착한, 냉담한",0,0
10 ,296,explicable,설명되는,0,0
10 ,297,nonchalance,"냉담, 태연,아랑곳않음, 무심",0,0
10 ,298,assiduousness,"헌신적임, 근면성실함",0,0
10 ,299,hamstring,"방해하다, 오금줄, 힘줄",0,0
10 ,300,ponderous,"대단히무거운,육중한",0,0
11 ,301,tout,"지나치게 칭찬,성가신권유ㅎ~",0,0
11 ,302,stinting,"아끼는,",0,0
11 ,303,impervious,"영향받지 않는, 휘둘리지 않는",0,0
11 ,304,garrulous,중요치않은 얘기 많이 하는,0,0
11 ,305,conceding,"수긍하다, 마지못해 내주다",0,0
11 ,306,stalwart,"충실한, 충직한, 강건한, 든든한",0,0
11 ,307,disdainful,"무시하는, 경시하는, 경멸하는",0,0
11 ,308,quixotic,"비현실적인, 돈키호태식",0,0
11 ,309,inadvertent,"부주의한, 소홀한, 의도하지않은",0,0
11 ,310,meddle,"간섭하다, 장난하다",0,0
11 ,311,fungible,대체가능한,0,0
11 ,312,eclecticism,절충주의,0,0
11 ,313,precocity,조숙한,0,0
11 ,314,marred,손상된,0,0
11 ,315,undue,"지나친, 과도한, 부당한",0,0
11 ,316,affability,"상냥함, 붙임성있음",0,0
11 ,317,severed,"자르다, 절단하다, 잘라내다",0,0
11 ,318,compromise,"위태로운, 손상하다, 훼손하다",0,0
11 ,319,stiffen,"경직되다, 뻣뻣해지다",0,0
11 ,320,ingratiate,"환심을 사다, 비위를 맞추다",0,0
11 ,321,customary,관습적인,0,0
11 ,322,misconstrue,오해하다,0,0
11 ,323,canny,"약삭빠른, 영악한",0,0
11 ,324,nugatory,무가치한,0,0
11 ,325,spurn,"물리치다,퇴짜놓다,거절하다",0,0
11 ,326,fiasco,낭패!,0,0
11 ,327,revise,"변경하다, 개정하다",0,0
11 ,328,pendulum,"추, 진자",0,0
11 ,329,protract,"오래끌다, 연장하다,내밀다",0,0
11 ,330,relinquish,"양도, 포기하다(공식, 정책등)",0,0
12 ,331,at odd,"가끔, 때때로",0,0
12 ,332,recondite,난해한,0,0
12 ,333,invidious,"불쾌한, 남의 심기를 건드릴, 비위에 거슬리는",0,0
12 ,334,hurly-burly,야단법석,0,0
12 ,335,profundity,"깊이, 정확성, 심각함",0,0
12 ,336,rhetoric,"미사여구, 수사법",0,0
12 ,337,slander,"비방하다,중상하다",0,0
12 ,338,lucidity,명확한,0,0
12 ,339,deceptive,"기만하는, 현혹하는",0,0
12 ,340,anecdote,"일화, 개인적 진술",0,0
12 ,341,euphemism,완곡어법,0,0
12 ,342,imperiously,"오만도도하게, 업신여김",0,0
12 ,343,indefatigable,"지칠줄모르는, ",0,0
12 ,344,evince,"분명히 밝히다, 피력하다, 표명하다",0,0
12 ,345,soliciting,"간청하다, 얻으려고하다",0,0
12 ,346,occulted,"감춰진, 보이지 않는",0,0
12 ,347,peculiarly,"아주, 특히",0,0
12 ,348,advertently,의도적으로,0,0
12 ,349,bout,"한바탕, 한차례, 말싸움 등",0,0
12 ,350,acclaim,"칭송, 환호를보내다, 찬사",0,0
12 ,351,denunciatory,"비난의 탄핵적인,위협적인",0,0
12 ,352,fad,일시적 유행,0,0
12 ,353,gripping,"주의를끄는,매력있는",0,0
12 ,354,preordain,미리 운명을 정하다,0,0
12 ,355,disregarded,무시당한,0,0
12 ,356,overt,"명시적인, 공공연한",0,0
12 ,357,postulate,"상정하다, 가정하다",0,0
12 ,358,semblance,"외관,겉모습, 유사성",0,0
12 ,359,clot,묽게하다,0,0
12 ,360,encyclopedic,"박식한, 해박한, 특정주제에 정통한",0,0
13 ,361,flummox,"어리둥절하게, 당혹하게하다, 사업실패하다",0,0
13 ,362,inductive,귀납적인,0,0
13 ,363,averring,"주장하는, 단언하는",0,0
13 ,364,vitiate,"손상입히다, 오염시키다, 약화",0,0
13 ,365,trace,미량의 소량의,0,0
13 ,366,lugubrious,"침울한, 슬픈",0,0
13 ,367,unabridged,"생략되지 않은, 원본, 무삭제판",0,0
13 ,368,futility,무익한,0,0
13 ,369,obligatory,의무적인,0,0
13 ,370,exhortative,"권고적인, 훈계적인",0,0
13 ,371,granted in,"인정하다, 여겨지다",0,0
13 ,372,splenetic,"화를잘내는, 성질을 잘부리는",0,0
13 ,373,scrupulous,"세심한, 꼼꼼한, 양심적인",0,0
13 ,374,acrimonious,"신랄한, 가혹한, 혹평의",0,0
13 ,375,sedate,"차분한, 조용한,진지한",0,0
13 ,376,bighearted,"아주 친절한, 너그러운",0,0
13 ,377,insurrection,"반란 사태, 내란, 모반",0,0
13 ,378,feisty,"혈기 왕성한, 거침없는, 교만한",0,0
13 ,379,upshot,"결과, 결말, 마침내",0,0
13 ,380,sedulous,"공을 들이는, 정성을 다하는",0,0
13 ,381,kilter,호조의,0,0
13 ,382,erudition,박식한,0,0
13 ,383,fanatical,"광적인, 열광적인",0,0
13 ,384,lucubration,"열심히하기, 일공부",0,0
13 ,385,renounce,포기 단념하다,0,0
13 ,386,deem,"여기다, 생각하다, 간주하다",0,0
13 ,387,congregate,모으다,0,0
13 ,388,whim,변덕,0,0
13 ,389,scathing,가시돋친,0,0
13 ,390,prodigal,방탕한,0,0
14 ,391,sophistic,궤변의,0,0
14 ,392,drollness,우스꽝스러운,0,0
14 ,393,mutineer,"폭동자,폭도",0,0
14 ,394,impugn,"논박,비판하다",0,0
14 ,395,derision,"조롱,조소",0,0
14 ,396,travail,진통의,0,0
14 ,397,conjecture,추측,0,0
14 ,398,endow,"기부하다, ~라고 믿다",0,0
14 ,399,politic,현명한,0,0
14 ,400,shrill,"새된, 날카로운",0,0
14 ,401,verdant,"신록의, 파릇한",0,0
14 ,402,taxonomist,분류학자,0,0
14 ,403,ambivalent,"양가감정의, 양면적인",0,0
14 ,404,humility,"겸손, 겸허",0,0
14 ,405,absorbing,"endorsing,",0,0
14 ,406,revisionist,수정주의자의,0,0
14 ,407,overarching,대단히 중요한,0,0
14 ,408,dissipated,"방탕한, 무절제한",0,0
14 ,409,seethe,"부글거리다, 속을 끓이다, 들끓다",0,0
14 ,410,dovish,"온건파, 비둘기파",0,0
14 ,411,circumstantial,"정황적인, 상황적인",0,0
14 ,412,unabashed,뻔뻔한,0,0
14 ,413,ballyhooed,떠들석하게알려진,0,0
14 ,414,devolve,"양도하다, 맡기다,지우다, 이전되다",0,0
14 ,415,cleaving,"쪼개진, 갈라진",0,0
14 ,416,disdain,"업신여김,무시하다",0,0
14 ,417,truculent,거칠게,0,0
14 ,418,vivacity,"생기, 활기, 쾌활",0,0
14 ,419,recompense,"보상, 배상, 보상하다, 보답하다",0,0
14 ,420,unexceptional,보통의,0,0
15 ,421,benignant,"인자한, 온화한, 유순한",0,0
15 ,422,diverge,"분기하다, 나뉘다, 갈리다, 벗어나다",0,0
15 ,423,aberrant,"일탈적인, 도리를 벗어난",0,0
15 ,424,ostentatious,"과시하는, 대단히 호사스러운",0,0
15 ,425,contrive,"어떻게든하다, 성사시키다",0,0
15 ,426,punctiliousness,"격식에 치우침, 딱딱한, 꼼꼼한",0,0
15 ,427,exploit,"부당하게 이용하다, 착취하다",0,0
15 ,428,belligerence,"공격적인, ",0,0
15 ,429,seditious,"선동적인,(치안에 방해되는)",0,0
15 ,430,supersed,"대체, 대신하다, 교체하다",0,0
15 ,431,sabotaging,"사보타주하다, 고의적으로 방해하다, 파괴하다",0,0
15 ,432,intractability,"억지,고집, 고치기어려운, 다루기 힘든",0,0
15 ,433,panacea,"만병통치약, 해결책",0,0
15 ,434,diametrically,"정반대의, 완전다른",0,0
15 ,435,gullible,"남을 잘 믿는, 속이기 쉬운, 귀가 얇은",0,0
15 ,436,turpitude,"부도덕한 행위, 비열한",0,0
15 ,437,succinectness,간결함,0,0
15 ,438,aggrandizing,"확장, 올리다, 과장강화하다",0,0
15 ,439,stringy,"지저분한, 섬유질이많은",0,0
15 ,440,unbounded,"무한한, 한계가없는",0,0
15 ,441,vile,"극도로 불쾌한, 비도덕적인, 용납불가능한",0,0
15 ,442,hew,"자르다, 잘라서만들다, 개척하다",0,0
15 ,443,helter-skelter,"허둥거리는, 난잡한,엉터리의",0,0
15 ,444,contempt,"경멸하는, 업신여기는",0,0
15 ,445,untold,"엄청난, 말로도못하는, 비화",0,0
15 ,446,fury,"분노, 격노",0,0
15 ,447,denunciation,"맹렬한 비난, 고발",0,0
15 ,448,pedagogical,교육학의,0,0
15 ,449,irk,짜증스럽게하다,0,0
15 ,450,misconstrued,misinterpret,0,0
16 ,451,mollified,"화가 누그러진, 진정된",0,0
16 ,452,ministration,"봉사,돌보기, 목사직무,전도 등",0,0
16 ,453,sycophancy,사대주의,0,0
16 ,454,outstrip,"앞지르다, 능가하다",0,0
16 ,455,brusque,"퉁명스러운,무뚝뚝한",0,0
16 ,456,meticulous,"꼼꼼한, 세심한",0,0
16 ,457,countermand,"철회하다, 취소하다",0,0
16 ,458,restive,"고집센, 다루기 힘든, 차분하지 못한",0,0
16 ,459,intricate,복잡한,0,0
16 ,460,fawning,"아양하는, 알랑거리는",0,0
16 ,461,lank,"곧은, 많은, ",0,0
16 ,462,cogitate,"심사숙고하다, 생각하다",0,0
16 ,463,guile,"속임수, 교활한 꾀, 능청",0,0
16 ,464,particularize,아주 자세히다루다,0,0
16 ,465,inert,"기력이없는, 비활성의",0,0
16 ,466,volubility,"유창, 수다스러운",0,0
16 ,467,effete,"힘없는, 나약한",0,0
16 ,468,supercilious,"거만한,남을 얕보는, 안하무인인",0,0
16 ,469,premise,전제,0,0
16 ,470,sagacious,"현명한, 총명한",0,0
16 ,471,proprietary,"상표가붙은, 소유주의",0,0
16 ,472,heft,"무게, 중요성, 세력, 영향력",0,0
16 ,473,vex,성가시게하다,0,0
16 ,474,concur,"동의하다,의견을 같이하다",0,0
16 ,475,tenuous,"미약한, 보잘것 없는",0,0
16 ,476,disseminate,"퍼뜨리다, 유포하다",0,0
16 ,477,congenial,"적합한, 잘맞는",0,0
16 ,478,proscribe,"금지하다(공식, 정책 등)",0,0
16 ,479,hymn,"찬가, 찬송가",0,0
16 ,480,impute,"책망하다, 탓하다, 전가하다",0,0
17 ,481,aggregating,"모으는, 종합하는",0,0
17 ,482,alleviate,"완화하다, 경감하다,해소하다",0,0
17 ,483,concedes,"양도하다, 허용하다, 인정하다",0,0
17 ,484,admant,"요지부동의, 단호한",0,0
17 ,485,vilify,"비난하다, 비방하다",0,0
17 ,486,consciliatory,"회유하고, 화합하는",0,0
17 ,487,nepotism,족벌주의,0,0
17 ,488,cumbersome,"무거운,다루기힘든, 번거로운",0,0
17 ,489,premiership,총리,0,0
17 ,490,inept,"서투른, 솜씨없는, 부적절한",0,0
17 ,491,facetious,"경박한,까부는, 익살맞은",0,0
17 ,492,tantamount,"마찬가지의, 버금가는(부정적인)",0,0
17 ,493,abstemious,"절제하는, 금욕적인",0,0
17 ,494,insouciance,"무관심, 태평한거",0,0
17 ,495,prognostic,"예언적인, 통찰력있는",0,0
17 ,496,cast-iron,"탄탄, 입지가 굳은",0,0
17 ,497,gerrymander,자기당에 유리 선거구 변경,0,0
17 ,498,excruciating,"심각한, 너무 심한",0,0
17 ,499,insider,내부자,0,0
17 ,500,perturbation,"동요, 변화",0,0
17 ,501,delusive,"기만적인, 현혹하는",0,0
17 ,502,divulge,누설하다,0,0
17 ,503,measured,"신중히 선택하다, 차분하다",0,0
17 ,504,caprice,변덕스러운,0,0
17 ,505,peculiar,"이상한, 기이한,특유한",0,0
17 ,506,strenuous,"고된, 몹시힘든, 격렬한, 불굴의 완강한",0,0
17 ,507,synthesizing,"합성, 종합",0,0
17 ,508,crudely,"조잡하게, 투박하게, 노골적으로 말하면",0,0
17 ,509,fraught,"내포한, 가득찬, 충분한",0,0
17 ,510,antediluvian,"아주 구식인, 태고의",0,0
18 ,511,flagging,"쇠약해가는, 맥이 빠지는, 줄어드는",0,0
18 ,512,contravene,"위반하다, 위배하다",0,0
18 ,513,lull,잠잠한 시기,0,0
18 ,514,lachrymose,"잘우는, 눈물을 자아내는",0,0
18 ,515,vacuous,"멍청한, 얼빠진",0,0
18 ,516,defy,"얕잡아보다, 정의불가능한,무시하다",0,0
18 ,517,categorical,딱 떨어지는,0,0
18 ,518,imperious,고압적인,0,0
18 ,519,allusion,암시,0,0
18 ,520,quintessential,"정수의, 본질적인",0,0
18 ,521,maintain,주장하다,0,0
18 ,522,unfathomable,"불가해한, 심중을 알 수 없는",0,0
18 ,523,calumny,"중상, 비방, 중상하는 말/행동",0,0
18 ,524,wistful,"애석해하는, 동경하는",0,0
18 ,525,verisimilitude,"그럴듯함, 신빙성, 박진",0,0
18 ,526,hortatory,"충고의, 장려의",0,0
18 ,527,acumen,"감각,수완",0,0
18 ,528,amity,"우호, 친선",0,0
18 ,529,irrelevant,"관련되지 않은, 중요하지 않은",0,0
18 ,530,confide,"진실을 토로하고, 진지하게 얘기",0,0
18 ,531,nefarious,"사악한, 발칙한",0,0
18 ,532,consolation,"위안, 위로, 패자부활",0,0
18 ,533,dissent,"반대, 불화하다",0,0
18 ,534,parsimonious,구두쇠의,0,0
18 ,535,recession,"불경기, 불황, 반환, 침체",0,0
18 ,536,inventiveness,"창의성,",0,0
18 ,537,tranquil,"고요한, 평온한",0,0
18 ,538,proclivity,"성향,기질, 선호(부정적)",0,0
18 ,539,prolific,"다작하는, 다산하는 ,풍부한, 왕성한",0,0
18 ,540,stemming,"막다, 거슬러서 진행하다",0,0
19 ,541,diverting,"즐거운, 재미있는",0,0
19 ,542,perplex,당혹하게하다,0,0
19 ,543,deplorable,비참한,0,0
19 ,544,mongers,"장수들, 장사치",0,0
19 ,545,absurd,"우스꽝, 부조리,어리석",0,0
19 ,546,proxy,"대리, 대리인",0,0
19 ,547,counterforces,"저항력, 반대 막는것",0,0
19 ,548,vanquish,완파하다,0,0
19 ,549,strain,"억지로,혹사하다, 중압감",0,0
19 ,550,honorific,"존경을나타내는, 경칭의",0,0
19 ,551,quell,"진압하다, 가라앉히다",0,0
19 ,552,florid,"발그레한, 화려한, 장식이 너무많은",0,0
19 ,553,evade,"피하다, 모면하다",0,0
19 ,554,oblige,의무적으로 ~하다,0,0
19 ,555,extravagance,"낭비, 낭비벽, 사치품",0,0
19 ,556,deplore,"비난, 비판하다,개탄하다",0,0
19 ,557,harbinger,"조짐, 전령",0,0
19 ,558,vitriol,독설,0,0
19 ,559,odburacy,"고집, 완고, 냉혹",0,0
19 ,560,moraine,빙퇴석,0,0
19 ,561,paucity,"소량, 부족, 결핍",0,0
19 ,562,esoteric,"소수만이해하는, 즐기는",0,0
19 ,563,stupefaction,"마비, 마취, 깜짝놀람, 경악",0,0
19 ,564,munition,군수품,0,0
19 ,565,obsequiousness,"아부하는, 비굴한",0,0
19 ,566,benightedness,"몽매함, 어리석음",0,0
19 ,567,prepossessing,"호감을 주는, 매력적인, 보기좋은",0,0
19 ,568,belied,masked,0,0
19 ,569,plaintive,"애처로운, 구슬픈",0,0
19 ,570,discretely,"분리되어, 별개의,불연속의",0,0
20 ,571,rile,"귀찮게하다, 짜증나게하다",0,0
20 ,572,clique,"파벌, 패거리",0,0
20 ,573,squelch,"쩍소리가 나다, 억누르다, 진압하다, 진압자",0,0
20 ,574,anything but,결코 아니다,0,0
20 ,575,pellucid,"명쾌한, 투명한",0,0
20 ,576,libertine,난봉꾼,0,0
20 ,577,dissimulation,"위선, 시치미 뗌",0,0
20 ,578,suffocating,숨이 막히는,0,0
20 ,579,didactic,"교훈적인, 설교의",0,0
20 ,580,daunting,"벅찬, 쉽지않은, 심각한",0,0
20 ,581,disproportionately,"비대칭적인, 치우친",0,0
20 ,582,redundancy,"불필요 중복, 정리해고",0,0
20 ,583,skullduggery,속임수의,0,0
20 ,584,perspicuous,"명쾌한, 명료한",0,0
20 ,585,divination,점치다,0,0
20 ,586,improvisation,"즉석,즉흥의",0,0
20 ,587,commending,"칭찬하는, 추천하는, 권하는",0,0
20 ,588,recalcitrant,"반항하는, 다루기힘든, 통제가 안되는",0,0
20 ,589,for all,그럼에도 불구하고,0,0
20 ,590,torturous,"고문의, 괴로운",0,0
20 ,591,inextricably,"불가분하게, 뗄 수 없는",0,0
20 ,592,genteel,"posh, 과장 고상한, 고풍스러운",0,0
20 ,593,census,"인구조사, 호구조사",0,0
20 ,594,lithic,석기,0,0
20 ,595,largress,아낌없이주는,0,0
20 ,596,insidious,"서서히,은밀히",0,0
20 ,597,condign,당연한,0,0
20 ,598,conflated,"융합,합체하다",0,0
20 ,599,egalitarian,평등주의자의,0,0
20 ,600,enterprise,"기업, 회사.",0,0
21 ,601,forswear,"그만두다, 그만두겠다 맹세하다",0,0
21 ,602,lambaste,"비난하다, 꾸짖다, 비난",0,0
21 ,603,discursion,"산만한 논의 ,지리멸렬",0,0
21 ,604,untenable,"방어될수없는, 지지할수없는",0,0
21 ,605,stultifying,"멍청하게만드는, 숨막힐듯한",0,0
21 ,606,vertigo,현기증,0,0
21 ,607,acute,"격심한, 극심한, 급성의",0,0
21 ,608,irenic,"평화의,협조적인",0,0
21 ,609,flippant,경박한,0,0
21 ,610,jargon,"용어, 전문어",0,0
21 ,611,fervid,열렬한,0,0
21 ,612,pretext,"구실, 핑계",0,0
21 ,613,sporadically,"산발적으로, 우발적으로",0,0
21 ,614,subject to,~을 조건으로,0,0
21 ,615,perspicacious,"명민한, 총기있는",0,0
21 ,616,obscure,"애매한, 무명의",0,0
21 ,617,cede ~ to,"~에게 주다, 양도하다",0,0
21 ,618,promulgate,"공포하다, 널리알리다",0,0
21 ,619,caustic,신랄하다,0,0
21 ,620,gravitate,끌리다,0,0
21 ,621,taciturnity,과묵함,0,0
21 ,622,spontaneity,"자발적임, 자연스러움",0,0
21 ,623,relish,"좋아하다,즐기다",0,0
21 ,624,fads,"유행, 일시적인",0,0
21 ,625,realized,"achieved, accomplishment",0,0
21 ,626,chicanery,교묘한 속임수,0,0
21 ,627,tendentiousness,"과격한 극단적인, 편향적인",0,0
21 ,628,deficiency,"결핍, 결점",0,0
21 ,629,conscientious,"양심적인, 성실한",0,0
21 ,630,conviviality,"주흥, 기분좋음, 연회기분",0,0
22 ,631,seminal,"종자의, 씨앗의, 장래성이 있는",0,0
22 ,632,chivalrous,예의바른 용감한,0,0
22 ,633,overwrought,"잔뜩걱정하는, 지나치게 공들인",0,0
22 ,634,stupendous,"중대한, 엄청난",0,0
22 ,635,demur,이의를 제기하다,0,0
22 ,636,reminiscent,"연상시키는, 추억에 잠긴듯한",0,0
22 ,637,quip,"신랄한말, 빈정대는말, 재치있는말, 경구",0,0
22 ,638,ostentatiousness,"겉으로 드러내는, 허세스러운",0,0
22 ,639,inveterate,"상습적인, 고질적인",0,0
22 ,640,elusive,"정의하기 어려운, 피하는, 잘도망가는",0,0
22 ,641,extortionate,"부당한, 터무니 없이 높은",0,0
22 ,642,expurgate,"수정하다, 삭제하다, 정화하다",0,0
22 ,643,moribund,"소멸직전의, 빈사상태",0,0
22 ,644,unprepossessing,"매력없는, 호감을 주지 못하는",0,0
22 ,645,intimidating,"협박하는, 위협하는",0,0
22 ,646,elucidate,설명하다,0,0
22 ,647,intimidation,협박,0,0
22 ,648,downplay,경시하다,0,0
22 ,649,assortment,모여있는,0,0
22 ,650,befuddled,"정신이 없는, 어리둥절쓰",0,0
22 ,651,maudlin,"감상적인,눈물이많은",0,0
22 ,652,contentiousness,"잘싸움, 호전적인",0,0
22 ,653,resorative,회복제,0,0
22 ,654,impassive,"둔감한, 무감각한, 열성없는",0,0
22 ,655,insulating,"절연하는, 단열하는",0,0
22 ,656,obsidian,흑요석,0,0
22 ,657,unethered,고삐에 묶여있지 않은,0,0
22 ,658,intermediary,"중재자,중개인",0,0
22 ,659,commodious,"널찍한, 편리한",0,0
22 ,660,mien,"표정, 태도, 기상, 외관",0,0
23 ,661,rancorous,"원한이 있는, 악의있는",0,0
23 ,662,slippery,"알기어려운, 신뢰할수없는",0,0
23 ,663,provocative,"도발적인, 자극적인, 화를 돋우는",0,0
23 ,664,quintessentially,"참으로, 철저히, 본질적으로",0,0
23 ,665,meticulousness,"꼼꼼함, 소심함, 좀스러움, 정확함",0,0
23 ,666,proliferation,"급증,확산",0,0
23 ,667,extraneous,관련없는,0,0
23 ,668,impecunious,"돈없는, 가난한",0,0
23 ,669,deadlock,교착상태,0,0
23 ,670,lauded,극찬받은,0,0
23 ,671,segregate,"격리하다,인종차별적 분리,감수분열분리",0,0
23 ,672,sift,체로거르다,0,0
23 ,673,detestation,"혐오, 증오",0,0
23 ,674,undervaluation,과소평가되는,0,0
23 ,675,salacious,"저질의 음탕한, 성적인",0,0
23 ,676,discretion,"자유, 자유재량권, 신중함",0,0
23 ,677,wrest,"비틀다,왜곡하다, 빼앗다",0,0
23 ,678,accountability,"책임, 의무",0,0
23 ,679,cagey,비밀의,0,0
23 ,680,jauntiness,"명랑, 멋짐",0,0
23 ,681,extenuated,"경감된, 완화된",0,0
23 ,682,hypocritical,"위선의, 위선자적인",0,0
23 ,683,diminutive,"작은, 소형의",0,0
23 ,684,coax,"구슬리다, 달래다",0,0
23 ,685,overture,서곡,0,0
23 ,686,anxiety,"염원,갈망",0,0
23 ,687,collegial,"동료애가 있는, 비차등의, 합의의",0,0
23 ,688,insusceptible,"무신경한, 느끼지 않는",0,0
23 ,689,exculpatory,"무죄입증의, 변명의",0,0
23 ,690,umbrage,"분개, 불쾌하다",0,0
24 ,691,irrigation,"관개, 물을 끌어들임",0,0
24 ,692,rebellious,반항적인,0,0
24 ,693,sway,"흔들리다, 흔들림",0,0
24 ,694,surreptitiuous, 은밀한,0,0
24 ,695,deviousness,"우회하기, 솔직하지 않음",0,0
24 ,696,veto,"금지, 거부하다, 기각하다",0,0
24 ,697,prescient,"예측,예언, 선견지명의",0,0
24 ,698,pragmatic,실용적인,0,0
24 ,699,gratifying,"만족스러운, 즐거운",0,0
24 ,700,inconsequential,하찮은,0,0
24 ,701,desultory,"두서없는, 종잡을 수 없는,목적 없는",0,0
24 ,702,worsening,"악화되고있는, ",0,0
24 ,703,resurgent,"다시유행하는, 재기하다, 소생하는, 되살아난",0,0
24 ,704,menacing,"협박하는, 위협하는",0,0
24 ,705,eclectic,"절충적인, 다방면에 걸친",0,0
24 ,706,derogation,"추락, 격하, 폄하",0,0
24 ,707,material,"물질적인, ",0,0
24 ,708,indulge,"마음껏하다, 충족시키다,사치",0,0
24 ,709,substantiation,입증,0,0
24 ,710,panegyric,"칭찬하는, 찬사,칭찬",0,0
24 ,711,distill,"증류하다, 불순물 제거하다, 정제하다",0,0
24 ,712,dicey,"위험한, 불확실한, 모험적인",0,0
24 ,713,platitude,"진부한, 평범한, 적당한",0,0
24 ,714,aridity,"건조, 빈약, 새로운게 없음",0,0
24 ,715,mutinous,"반항적인,반란의",0,0
24 ,716,copious,"엄청난, 방대한",0,0
24 ,717,adroitly,"능숙, 영리하게",0,0
24 ,718,leavened with,"가미하다, 기반한",0,0
24 ,719,nascent,"초기의, 신생의",0,0
24 ,720,averse,ㅅ싫어하는,0,0
25 ,721,vindication,정당함을 입증하다,0,0
25 ,722,unwarranted,"부당한, 부적절한, 불필요한",0,0
25 ,723,malinger,꾀병을부리다,0,0
25 ,724,anomalous,변칙의 이례적인,0,0
25 ,725,diffident,"조심스러운, 주눅든,",0,0
25 ,726,commendation,"칭찬,인정",0,0
25 ,727,buoyant,"경기가 좋은, 물에뜨는, 자신감에 차있는",0,0
25 ,728,fastidiousness,"꽤 까다로운, 괴팍한, 세심한, 완벽주의",0,0
25 ,729,adulate,칭찬하다.,0,0
25 ,730,qualm,"양심의 가책, 꺼림칙함,불안, 염려",0,0
25 ,731,quotidian,"일상적인, 보통의",0,0
25 ,732,commend,"칭찬하다, 추천하다,인정받다",0,0
25 ,733,vehement,"격렬한, 맹렬한",0,0
25 ,734,demanding,"어려운, 지나친 노력을 요구하는",0,0
25 ,735,arrest,"막다, 저지하다",0,0
25 ,736,preeminence,"발군,탁월한",0,0
25 ,737,aspersions,"비난, 비방, 중상",0,0
25 ,738,albeit,비록,0,0
25 ,739,hard-nosed,"though,realistic",0,0
25 ,740,deferential,"경의를 표하는, 공손한",0,0
25 ,741,equipoise,"균형, 평형",0,0
25 ,742,gossamer,"거미줄, 갸날픔, 연약",0,0
25 ,743,implausible,"믿기어려운, 타당해보이지않는",0,0
25 ,744,purport,표명하다. 주장하다(사실아닐수있는것),0,0
25 ,745,non-plus,"당황의, 깜짝놀란",0,0
25 ,746,vituperative,"독설하는, 신랄한",0,0
25 ,747,dense,"밀집한, 빽빽한, 난해한",0,0
25 ,748,redemption,"구원, 구함, ",0,0
25 ,749,regal,제왕의 장엄한,0,0
25 ,750,paleontologist,고생물학자,0,0
26 ,751,elongate,"길어지다, 늘이다",0,0
26 ,752,loathe,혐오,0,0
26 ,753,discourse,담론,0,0
26 ,754,invigorate,"기운나게하다, 활성화하다",0,0
26 ,755,ludicrous,터무니없는,0,0
26 ,756,tribute,"찬사, 선물, 공물",0,0
26 ,757,abhorrent,"혐오하다, 질색인",0,0
26 ,758,invasibility,침입력,0,0
26 ,759,erstwhile,"이전의, 지금까지의, 한 때",0,0
26 ,760,profit-mongers,"돈벌이 위주들, 욕심 탐욕",0,0
26 ,761,conserve,아끼다,0,0
26 ,762,whims,변덕,0,0
26 ,763,thwart,좌절시키다,0,0
26 ,764,unjust,"부당한, 불공평한",0,0
26 ,765,equanimity,"침착, 평정, 태연자약",0,0
26 ,766,pristine,"아주깨끗한, 오염되지않은, 자연그대로의",0,0
26 ,767,skirt,"회피,모면하다",0,0
26 ,768,acerbic,"가혹한, 신랄한,시큼한",0,0
26 ,769,hidebound,"말라붙은, 편협한, 완고한",0,0
26 ,770,credulous,"잘믿는, 잘 속는",0,0
26 ,771,covert,"비밀의, 은밀한",0,0
26 ,772,errant,"잘못된, 바람피는",0,0
26 ,773,meager,미약한,0,0
26 ,774,hold ~ back,"저지하다, 비밀로하다",0,0
26 ,775,self-deprecating,"자학하는, 자기경시의",0,0
26 ,776,valorize,"가치를 높이다, 가치를주다, 중요시하다",0,0
26 ,777,reparation,"배상, 보상",0,0
26 ,778,proponent,지지자,0,0
26 ,779,sectarian,"종파의, 파벌의",0,0
26 ,780,placate,"달래다,회유하다",0,0
27 ,781,stymie,방해하다,0,0
27 ,782,capricious,"변덕스러운, 잘 변하는",0,0
27 ,783,intact,"온전한, 전혀 손상되지 않은",0,0
27 ,784,indiscreet,"무분별한, 경솔한",0,0
27 ,785,agitate,"강하게 주장하다, 동요시키다",0,0
27 ,786,lurk,"숨어있다, 잠복하다, 염탐하다",0,0
27 ,787,unflinching,"수그러들지 않음, 단호한, 굽히지 않는",0,0
27 ,788,doctrinaire,"교조적인, 공론가, 탁상공론의",0,0
27 ,789,judicious,"신중한, 판단력있는",0,0
27 ,790,flush with,"~가 두둑한, 넘쳐나는, 같은높이가되는",0,0
27 ,791,opprobrium,"맹비난, 안좋게, 경멸",0,0
27 ,792,ommision,"생략, 빠짐, 누락",0,0
27 ,793,stagnation,"부진, 불경기",0,0
27 ,794,reverence,숭배,0,0
27 ,795,clandestine,"비밀스러운, 은밀한, 몰래하는",0,0
27 ,796,flit,경쾌하게 돌아다니다,0,0
27 ,797,prognosticate,"예지하다, 예측하다",0,0
27 ,798,reprisal,"보복,앙갚음",0,0
27 ,799,obtrusive,"눈에 띄는, 두드러지는",0,0
27 ,800,perpetuate,"영구화시키다, 끊임없이계속되는",0,0
27 ,801,sidereal,항성의 별의,0,0
27 ,802,fastidious,"세심한 ,꼼꼼한, 깐깐한, 괴팍한",0,0
27 ,803,immodest,"천박한, 무례한, 건방진",0,0
27 ,804,inherently,"선천적으로, 내재적으로",0,0
27 ,805,minion,"앞잡이, 부하, 추종자",0,0
27 ,806,reclusive,"은둔한, 세상을버린",0,0
27 ,807,dormant,"휴면기의, 활동 중단한",0,0
27 ,808,snappish,"화잘내는, 퉁명스러운",0,0
27 ,809,willful,의도적으로,0,0
27 ,810,collate,대조하다,0,0
28 ,811,halt,대체하다?,0,0
28 ,812,steadfastly,확고하게,0,0
28 ,813,obviate,"제거하다, 예견하다, 배제하다",0,0
28 ,814,interdisciplinary,여러 학문사이에 제휴하는,0,0
28 ,815,circumvent,"피해가다, 둘러가다",0,0
28 ,816,vacillation,"우유부단, 동요, 흔들림",0,0
28 ,817,dubious,"의심하는, 불확실한, 모호한",0,0
28 ,818,bristle,"발끈하다, 동물의 털이 곤두서다",0,0
28 ,819,susceptible,"민감한, ~하기쉬운, 약한",0,0
28 ,820,porous,"구멍이 많은, 통기성의",0,0
28 ,821,courtesy,"공손함, 정중함, 예의상 하는말",0,0
28 ,822,exert,"가하다, 행사하다,분투하다",0,0
28 ,823,hitherto,"지금까지, 그때까지",0,0
28 ,824,arid,"무미건조한, 새로운 게 없는",0,0
28 ,825,propitiatory,"달래는, 회유하는",0,0
28 ,826,tractable,"온순한, malleable",0,0
28 ,827,pedestrian,"상상력이 없는, 재미없는, 평범한",0,0
28 ,828,bromidic,"흔해빠진, 진부한",0,0
28 ,829,malleable,"적응력있는, 유순한",0,0
28 ,830,canonize,"찬양되다, 인정받다",0,0
28 ,831,clamorous,"시끄러운, 시끄럽게 요구하는, 불평을 말하는",0,0
28 ,832,homeopathic,동종 요법의,0,0
28 ,833,surge,"격동, 파동, 고조되다, 느슨함",0,0
28 ,834,remedial,보충의,0,0
28 ,835,decrepit,"노후한, 노쇠한",0,0
28 ,836,stouthearted,"용감한, 굳센, 다부진",0,0
28 ,837,unencumbered,"부채/방해가 없는, 홀가분한",0,0
28 ,838,flippancy,경솔 경박,0,0
28 ,839,aggregation,"집합, 종합, 괄호",0,0
28 ,840,boisterous,"활기가 넘치는, 잠시도 가만히 있지못하는",0,0
29 ,841,disquistion,"논고, 논문",0,0
29 ,842,arduous,"고된, 몹시힘든, 격렬한, 불굴의 완강한",0,0
29 ,843,inexperience,"미숙,경험이부족한",0,0
29 ,844,consonance,"조화, 일치",0,0
29 ,845,parry,"피하다, 발뺌하다",0,0
29 ,846,insular,"배타적인, 편협한",0,0
29 ,847,pretense,"겉치레, 가식, 위장, 허위, 핑계",0,0
29 ,848,meretricious,"겉치레뿐인, 천한, 야한, 저속한,기만의",0,0
29 ,849,superseded,멈추게하다,0,0
29 ,850,obtuse,"둔한, 둔감한",0,0
29 ,851,salubrious,건강에좋은,0,0
29 ,852,cathartic,"후련한, 카타르시스적인, 배변의",0,0
29 ,853,chastising,"벌하는, 꾸짖는",0,0
29 ,854,snag,"문제, 곤란한 일, 날카로운 부분",0,0
29 ,855,handiwork,"수공품, 나쁜짓, 작품",0,0
29 ,856,consent,합의,0,0
29 ,857,exhaustion,"탈진, 고갈",0,0
29 ,858,lethargic,"무기력한, 둔감한, 기면성의",0,0
29 ,859,revelation,"폭로, 계시",0,0
29 ,860,gregarious,"사교적인, 군생하는",0,0
29 ,861,redeem,"보완, 만회하다, 상쇄하다",0,0
29 ,862,restitution,"반환, 배상, 보상, 복원",0,0
29 ,863,munchies,"안주류, 배고픔",0,0
29 ,864,rodent,설치류,0,0
29 ,865,plausible,"가능한, 그럴듯한",0,0
29 ,866,blasé,"환락에 지친, 감동하지 않게되어",0,0
29 ,867,soundscape,음경; 음악적 풍경,0,0
29 ,868,fervor,"열렬, 열정",0,0
29 ,869,itinerant,"떠돌아다니는,순회하는",0,0
29 ,870,avaricious,"탐욕스러운, 욕심많은",0,0
30 ,871,vapid,"지루한, 흥미롭지못한",0,0
30 ,872,reserved,"말을잘안하는, 내성적인",0,0
30 ,873,punctilious,꼼꼼한,0,0
30 ,874,ogres,"도깨비, frightening",0,0
30 ,875,leeway,"자유, 재량, 여지",0,0
30 ,876,grouse,"투덜거리다, 불평하다",0,0
30 ,877,bewilder,"당황케하다, 혼란스럽게하다",0,0
30 ,878,full-fledged,"깃털이 다 난, 성장한",0,0
30 ,879,polemical,"격론의, 논란적인, 논쟁적인",0,0
30 ,880,detrimental,해로운,0,0
30 ,881,compulsory,"강제적인, 필수의, 강요",0,0
30 ,882,hold over,"미루다, 협박하다, 연기하다",0,0
30 ,883,bridle,"굴레, 고삐",0,0
30 ,884,circumspect,신중한,0,0
30 ,885,conciliatory,"달래는, 회유하기위한",0,0
30 ,886,offish,"새치름한, 쌀쌀한",0,0
30 ,887,apt,"머리좋은, 영리한",0,0
30 ,888,delineated,상세하게 기술하다,0,0
30 ,889,friable,fragile,0,0
30 ,890,dashing,"멋진, 당당한",0,0
30 ,891,comradeship,"동료관계, 우애, 우의",0,0
30 ,892,fulminate,"천둥호통치다, 명렬비난퍼붓다",0,0
30 ,893,surrogate,"대리의, 대용의",0,0
30 ,894,face value,"액면가, 액면가 그대로의",0,0
30 ,895,penitential,"뉘우치는,참회의 ",0,0
30 ,896,squander,"낭비하다, 탕진하다",0,0
30 ,897,edify,"고양시키다, 교화시키다",0,0
30 ,898,facile,"피상적인, 얕은, 경솔한",0,0
30 ,899,oblique,"완곡한, 애두르는",0,0
30 ,900,lapse,"실수, 깜빡함, 경과, 소멸되다",0,0
31 ,901,diatribe,"비판, 공격",0,0
31 ,902,thorough,"빈틈없는, 철저한, 완벽한",0,0
31 ,903,trivial,사소한 하찮은,0,0
31 ,904,sham,"가짜, 엉터리, 위장",0,0
31 ,905,analogous,유사한,0,0
31 ,906,vernacular,일상적인 표현의,0,0
31 ,907,magisterial,"무게있는,위엄있는",0,0
31 ,908,ogre,"오우거, 거인",0,0
31 ,909,hanker,"갈망,동경하다",0,0
31 ,910,incompetence,무능한,0,0
31 ,911,prehensile,잡을 수 있는,0,0
31 ,912,profitable,수지가 맞는,0,0
31 ,913,grimy,때묻은 더러운,0,0
31 ,914,permeating,"스며든, 들어온",0,0
31 ,915,girth,"둘레, 치수",0,0
31 ,916,ellipsoidal,타원형의,0,0
31 ,917,impeachable,"탄핵,비난해야할",0,0
31 ,918,disingenuous,"표리부동한, 거짓의, 솔직하지못한",0,0
31 ,919,bolster,"북돋우다, 강화하다, 개선하다",0,0
31 ,920,pervasive,"퍼지는, 스며드는, 만연하는",0,0
31 ,921,loquacious,말이많은,0,0
31 ,922,execrable,"형편없는, 증오할",0,0
31 ,923,at odds,충돌하다,0,0
31 ,924,bolstered,"북돋워진, 개선된",0,0
31 ,925,orthodox,"인습적인, 정통의",0,0
31 ,926,assault,"맹비난, 공격하다,괴롭히다",0,0
31 ,927,decisive,"결정적인,중요한",0,0
31 ,928,headway,"전진, 진행",0,0
31 ,929,lurid,비관적인,0,0
31 ,930,redistrict,"선거구 변경, 조정",0,0
32 ,931,ovation,"박수, 칭찬",0,0
32 ,932,guarded,"조심스러운, 신중한",0,0
32 ,933,solicit,"간청하고 졸라대다, 탄원하다",0,0
32 ,934,eulogize,칭찬하다/...에게 찬사를 보내다,0,0
32 ,935,civility,"정중함, 공손함",0,0
32 ,936,eradication,"근절, 소거",0,0
32 ,937,slovenly,"행실이 지저분한, 난접한, 어설픈",0,0
32 ,938,sedition,선동,0,0
32 ,939,incivility,"무례, 실례",0,0
32 ,940,shackle,족쇄를 채우다,0,0
32 ,941,vulnerable,공격받기 쉬운,0,0
32 ,942,obfuscate,"애매하게 만들다, 혼란스럽게하다, 얼버무리다",0,0
32 ,943,craven,"용기 없는, 비겁한",0,0
32 ,944,naysayer,"거부자, 부정자, 반대자",0,0
32 ,945,deadpan,무표정한 얼굴,0,0
32 ,946,sluggish,느릿한,0,0
32 ,947,disperate,"다른, 이종의",0,0
32 ,948,integral,"필수적인, 내장된, 완전한",0,0
32 ,949,derivative,"새롭지않은, 파생의, 모방한",0,0
32 ,950,ineffable,"형언할 수 없는, 말할 수 없는",0,0
32 ,951,braggart,"허풍쟁이, 떠버리",0,0
32 ,952,forge,형성하다,0,0
32 ,953,mirthful,"유쾌한, 명랑한",0,0
32 ,954,pliable,"유연한, 잘 휘어지는, 순응적인",0,0
32 ,955,concede,"인정하다, 수긍하다",0,0
32 ,956,fractious,"다루기힘든, 괴팍한, 성내는",0,0
32 ,957,reticent,"비밀, 말안하는, 과묵한",0,0
32 ,958,dampen,"약화, 적시다, 줄어들다",0,0
32 ,959,allude,"암시하다, 시사하다",0,0
32 ,960,grant that ~,가령 ~이라 하더라도,0,0
33 ,961,figment,"공상, 허구의",0,0
33 ,962,abstemiousness,"금욕하는, 절제하는",0,0
33 ,963,secure,"힘들게 얻어내다,획득하다,확보하다",0,0
33 ,964,glut,"공급과잉, 과도",0,0
33 ,965,ingratiating,"아첨하는,환심을 사는",0,0
33 ,966,dejection,"실의, 낙담",0,0
33 ,967,vocacious,"탐욕스러운, 많이먹는",0,0
33 ,968,energetically,"정력적으로, 효과적으로",0,0
33 ,969,formidable,"만만찮은, 어마어마한",0,0
33 ,970,tweaking,"조정, 비트는, 비꼬는",0,0
33 ,971,impenetrable,"헤아릴수없는, 불가해의",0,0
33 ,972,dismember,"팔다리를 자르다, 나라를 분할하다",0,0
33 ,973,meandering,정처없이 돌아다니는,0,0
33 ,974,indict,"기소하다, 혐의로 기소하다, 비난하다",0,0
33 ,975,outlandish,"기이한, 이상한",0,0
33 ,976,gentility,"고상함,고풍스러움",0,0
33 ,977,condemned,비난받은,0,0
33 ,978,repugnant,"불쾌한, 혐오스러운",0,0
33 ,979,mollycoddle,"과잉보호하다, 응석받아주다",0,0
33 ,980,authoritative,"권위적인, 권위있는",0,0
33 ,981,supposition,추정,0,0
33 ,982,sybarite,사치와 향락을 일삼는 무리,0,0
33 ,983,arduousness,끈기,0,0
33 ,984,intrinsically,"본질적으로, 고유하게",0,0
33 ,985,comprehensiveness,포괄적인,0,0
33 ,986,notwithstanding,"~에도 불구하고, despite of",0,0
33 ,987,holistic,전체론의,0,0
33 ,988,incised,"깊이갈라진, 새긴, 조각한",0,0
33 ,989,propitious,"좋은, 유리한",0,0
33 ,990,foiling,"실패하는, 저지하는",0,0
34 ,991,hinterland,"오지, 내륙",0,0
34 ,992,cavalier,무신경한,0,0
34 ,993,precedent,전례,0,0
34 ,994,revenue,"수익, 매출",0,0
34 ,995,turbulent,"격동의, 격변의",0,0
34 ,996,accolade,작위수여/칭찬,0,0
34 ,997,satire,풍자,0,0
34 ,998,anthropogenic,인위적인,0,0
34 ,999,debased,저하된,0,0
34 ,1000,incessant,"끊임없는, 쉴새없는",0,0
34 ,1001,folly,"어리석음, 판단력 부족",0,0
34 ,1002,coddle,"애지중지하다, 소중히하다",0,0
34 ,1003,rapacious,탐욕스러운,0,0
34 ,1004,overbearing,"고압적인, 남을 지배하려드는",0,0
34 ,1005,admonish,"꾸짖다, 책망하다",0,0
34 ,1006,prosaic,"평범한, 상상력이 없는, 세속적인, 따분한",0,0
34 ,1007,perfidy,"배신, 불충",0,0
34 ,1008,lamented,"몹시애석한, 슬픈",0,0
34 ,1009,adversary,"상대방, 적",0,0
34 ,1010,plethora,"과다,과잉",0,0
34 ,1011,intricacy,"복잡한 사항, 복잡함",0,0
34 ,1012,jubilant,"득의만면한, 승리감에 넘치는, 기뻐하는",0,0
34 ,1013,winnowing,"가려내는, 고르는",0,0
34 ,1014,affinity,"친밀감, 관련성",0,0
34 ,1015,torpor,"느린, 게으른, 무기력한",0,0
34 ,1016,eluded,"빠진, 피해진",0,0
34 ,1017,cringe,"조아리는,기는",0,0
34 ,1018,insipid,"재미없는, 풍미없는",0,0
34 ,1019,exalt,"승격시키다, 칭찬하다",0,0
34 ,1020,staid,"재미없는, 고루한, 듬직한,침착한",0,0
35 ,1021,deflect,"방향을 바꾸다, 피하다, 모면하다",0,0
35 ,1022,douse,"끄다,붓다,적시다, 벗다",0,0
35 ,1023,haphazard,"무계획적인, 되는대로의",0,0
35 ,1024,minatory,"위협적인, 협박하는",0,0
35 ,1025,adulation,"과찬, 지나친아부",0,0
35 ,1026,ameliorate,개선하다,0,0
35 ,1027,adduce,제시하다,0,0
35 ,1028,populist,"포퓰리스트, 대중견해바람대변",0,0
35 ,1029,vilified,"비난받는, 비도덕적인",0,0
35 ,1030,impasse,"교착상태, 막다른 골목, 난국",0,0
35 ,1031,lassitude,"노곤함, 무기력",0,0
35 ,1032,atavistic,"인간본래의, 격세유전의",0,0
35 ,1033,rampant,만연했던,0,0
35 ,1034,deteriorating,"악화중인, 악화되고있는",0,0
35 ,1035,deflate,"공기를빼다, 기를 꺾다, 물가를 끌어내리다",0,0
35 ,1036,tainted,"더럽혀진, 부패한",0,0
35 ,1037,impassioned,"fiery, fervent",0,0
35 ,1038,forbearance,"관용, 참음",0,0
35 ,1039,machination,"교묘 책략, 권모술수",0,0
35 ,1040,lingering,계속적인,0,0
35 ,1041,lean,"야윈, 빈약한, 수확이 적은",0,0
35 ,1042,pertinent,"적절한,밀접한관계의, 관련의",0,0
35 ,1043,imperceptible,"감지할 수 없는, 너무 미세한",0,0
35 ,1044,veracity,"진실성, 정확성",0,0
35 ,1045,accommodated,수용된,0,0
35 ,1046,plodding,"꾸준히, 느릭한",0,0
35 ,1047,heroic,영웅적인,0,0
35 ,1048,shore up,"support, 강화하다",0,0
35 ,1049,harangue,"열변, 비난, 질책, 설교",0,0
35 ,1050,lamentable,"한탄스러운, 통탄할, 유감스러운",0,0
36 ,1051,fallacious,"잘못된, 틀린, 거짓의",0,0
36 ,1052,inured,"단련된,익숙해진",0,0
36 ,1053,somnolent,"거의잠든, 쳐지는",0,0
36 ,1054,culmination,"정점, 최고조",0,0
36 ,1055,galling,"짜증나는, 화나는",0,0
36 ,1056,strained,"긴장한, 껄끄러운, 불편한,무리한",0,0
36 ,1057,implement,시행하다,0,0
36 ,1058,prudent,"신중한, 조심스러운",0,0
36 ,1059,inadvertently,비의도적으로,0,0
36 ,1060,gall,"뻔뻔한, 쓸리다, 안달나게하다, 성나게 하다",0,0
36 ,1061,presume,"생각한다, 가정한다, 추정한다",0,0
36 ,1062,plurality,"많은 수, 최다",0,0
36 ,1063,pinpoint,정확히 찾아내다,0,0
36 ,1064,connoisseurship,"전문가, 감식안, 감정업",0,0
36 ,1065,eschew,"피하다, 모면하다",0,0
36 ,1066,auteur,개성파 영화감독,0,0
36 ,1067,soggy,"질척한, 질척거리는",0,0
36 ,1068,pledge,"약속, 저당, 맹세",0,0
36 ,1069,impermanence,"비영구성, 일시성",0,0
36 ,1070,rote,암기(기계적인 반복으로 인한),0,0
36 ,1071,sensuous,"오감을 만족시키는, 감각적인",0,0
36 ,1072,notoriety,"악평, 악명",0,0
36 ,1073,unassailable,난공불락의,0,0
36 ,1074,irritation,"짜증나게함, 과민증",0,0
36 ,1075,reconcile,"조화시키다, 화해시키다, 조정하다",0,0
36 ,1076,irreproachable,"나무랄데 없는, 흠잡을 데 없는",0,0
36 ,1077,slur,"불분명하게발음, 비방하는말",0,0
36 ,1078,irresolute,"결단력 없는, 우유부단한",0,0
36 ,1079,germane,"적절한,밀접한관계의",0,0
36 ,1080,memoir,회고록,0,0
37 ,1081,mongrel,"잡종, 똥개",0,0
37 ,1082,alacrity,"민첩, 활발,날렵",0,0
37 ,1083,foment,"조장하다, 선동하다",0,0
37 ,1084,rant,"고함치다, 불평하다",0,0
37 ,1085,dejected,"실의에 빠진, 낙담한, 맥없이",0,0
37 ,1086,condemnation,"공격,비난",0,0
37 ,1087,coretous,탐욕스러운,0,0
37 ,1088,opinionate,개인의 의견을 내다,0,0
37 ,1089,sanctimonious,"성자인척하다,성스러운척하다",0,0
37 ,1090,identify,"connect, associate",0,0
37 ,1091,slighted,"업신여김을 당한, 괄시받은",0,0
37 ,1092,give oneself up,몰입하다,0,0
37 ,1093,fervent,"열렬한, 강렬한",0,0
37 ,1094,kudos,"칭찬,명성,평판,영광",0,0
37 ,1095,churlish,"막된, 무례한",0,0
37 ,1096,cadid,솔직한,0,0
37 ,1097,precipitate,"무모한, 성급한",0,0
37 ,1098,stymied,"방해된, 좌절된",0,0
37 ,1099,despotism,폭정,0,0
37 ,1100,languishing,"차츰 쇠약해지는, 그리워하는, 약화되는",0,0
37 ,1101,inconspicuous,이목을끌지못하는,0,0
37 ,1102,pretension,"허세, 가식, 주장, 자처",0,0
37 ,1103,vagarious,"상식을 벗어난, 변덕스러운, 방랑하는",0,0
37 ,1104,senator,상원의원,0,0
37 ,1105,compelling,"설득력있는, 매력적인",0,0
37 ,1106,acquiescence,"아첨, 칭찬, 순응(conformity)",0,0
37 ,1107,be beset by,시달리다,0,0
37 ,1108,demarcation,"경계, 구분",0,0
37 ,1109,inflammatory,"선동적인, 강한 분노를 유발하는, 염증의",0,0
37 ,1110,obliterate,"없애다, 지우다",0,0
38 ,1111,state,안정적인,0,0
38 ,1112,deluge,"범람하는, 쇄도하는",0,0
38 ,1113,sweeping,"전면적인, 대략적인, 포괄적인",0,0
38 ,1114,exonerate,"무죄임을 밝히다, 면제하다",0,0
38 ,1115,conciliate,"달래다, 회유하다",0,0
38 ,1116,surgeit,"충분한, 많은",0,0
38 ,1117,materialize,"구체화하다, 실현하다, 형체가 나타나다",0,0
38 ,1118,amalgamate,"융합, 합성, 합병하다",0,0
38 ,1119,wont,"~하는 버릇이 있는, 버릇, 습관",0,0
38 ,1120,prolixity,"장황함 ,지루함",0,0
38 ,1121,cordiality,"진심, 충정, 따듯한 우정",0,0
38 ,1122,promptitude,"신속, 기민, 즉시",0,0
38 ,1123,nepotistic,족벌주의자,0,0
38 ,1124,pernicious,"치명적인, 악의에찬",0,0
38 ,1125,priori,"연역적인, 선험적인",0,0
38 ,1126,rigorous,"정확하게, 확실하게",0,0
38 ,1127,obtuseness,"무딤, 둔감한",0,0
38 ,1128,apologies,"변명, 사과",0,0
38 ,1129,perceptive,"통찰력있는, 직관있는",0,0
38 ,1130,discern,"알아차리다, 파악하다, 식별하다",0,0
38 ,1131,peccadillo,"사소한 잘못, 실수, 미죄",0,0
38 ,1132,innocuous,"무해한, 악의없는",0,0
38 ,1133,fickle,변덕스러운,0,0
38 ,1134,normative,규범적인,0,0
38 ,1135,inclement,"(기후가) 험악한, 궃은",0,0
38 ,1136,redoubtable,"경외할만한, 가공할",0,0
38 ,1137,municipality,지방자치제의,0,0
38 ,1138,preoccupy,"사로잡다, 떠나지않다, 선점하다",0,0
38 ,1139,demise,"종말,죽음, 사망",0,0
38 ,1140,platitudinous,"쓸데없는말하는, 하찮은",0,0
39 ,1141,indigenous,"원산의,토착의,토종의,고유한",0,0
39 ,1142,ecumenical,"전반적인, 전세계적인",0,0
39 ,1143,beneficence,"선행, 자선",0,0
39 ,1144,camaraderie,"동료심, 전우심",0,0
39 ,1145,versatile,다재다능한,0,0
39 ,1146,hospitality,"환대, 환영",0,0
39 ,1147,contrivance,"억지로 짜맞춘, 부자연스러움",0,0
39 ,1148,voluminous,"아주 큰, 길고 상세한, 방대한",0,0
39 ,1149,detritus,"파편, 암설",0,0
39 ,1150,diffuse,산만하다,0,0
39 ,1151,calumnious,"중상적인, 비난인",0,0
39 ,1152,contingent,"대표단, 뜻밖의, 파견대, 임시의",0,0
39 ,1153,feckless,"무기력한, 무책임한",0,0
39 ,1154,illicit,"불법의, 무허가의",0,0
39 ,1155,muckrake,추문을 캐내다.,0,0
39 ,1156,multifaceted,"다면적인, 다양한",0,0
39 ,1157,abstruse,난해한,0,0
39 ,1158,override,"기각, 무시하다, ~보다 더 우선하다",0,0
39 ,1159,fleeting,"순식간의, 잠깐의",0,0
39 ,1160,pushover,"호락호락한 사람, 쉬운사람, 쉬운일",0,0
39 ,1161,dispelled,"없애다, 물리치다",0,0
39 ,1162,piously,"신앙심깊게, 경건하게, 독실하게",0,0
39 ,1163,unworldly,"물욕이없는, 새경험이 부족한",0,0
39 ,1164,feign,속이다,0,0
39 ,1165,hindsight,뒤늦게 깨달음,0,0
39 ,1166,virulent,"독설적인, ",0,0
39 ,1167,hyperbole,"과장법, 과장",0,0
39 ,1168,distend,"팽창하다, 팽창시키다, 넓히다",0,0
39 ,1169,tangent,"딴짓하다, 접선, 딴길",0,0
39 ,1170,myriad,수많은,0,0
40 ,1171,elevation,"승진, 승격",0,0
40 ,1172,supplant,"대신하다,",0,0
40 ,1173,slapdash,날림으로 아무렇게나,0,0
40 ,1174,forbear,참다. Forbore(과거),0,0
40 ,1175,rigor,"엄한, 고됨, 정확한,",0,0
40 ,1176,culinary,요리의,0,0
40 ,1177,gainsay,"부정,반박하다, 반대하다",0,0
40 ,1178,conquere,조리하다,0,0
40 ,1179,animadversion,"비난, 혹평",0,0
40 ,1180,sporadic,"산발적인, 이따금 발생하는",0,0
40 ,1181,sanity,"온전한 정신, 분별, 온전성",0,0
40 ,1182,methodical,"조직적인, 고지식한",0,0
40 ,1183,pivotal,"중심축이되는, 중심점, 주요한",0,0
40 ,1184,parochialism,"지엽주의, ",0,0
40 ,1185,impotency,"무력감, ㅂㄱㅂㅈ?",0,0
40 ,1186,middling,"보통의, 중간의",0,0
40 ,1187,presage,"전조, 징후가되다",0,0
40 ,1188,valedictory,고별의,0,0
40 ,1189,devotion,"몰두, 전념, 헌신",0,0
40 ,1190,decorum,"점잖음, 예의",0,0
40 ,1191,mediocre,"보통밖에 안되는, 평범한",0,0
40 ,1192,fitful,"잘깨는, 발작",0,0
40 ,1193,yokel,"촌놈, 무지렁이",0,0
40 ,1194,imbibe,"흡수하다, 사상동화하다",0,0
40 ,1195,segregation,"격리,분리",0,0
40 ,1196,candor,"솔직, 정직, 순백, 순수성",0,0
40 ,1197,revolt,"반항하다, 폭동을 일으키다",0,0
40 ,1198,winsome,"마음을 끄는, 매력적인",0,0
40 ,1199,sought to/seek to,"시도,추구하다",0,0
40 ,1200,exigency,"긴급사태, emergency",0,0
41 ,1201,exculpate,"무죄로하다, 면하게하다",0,0
41 ,1202,deference,"존경, 존중",0,0
41 ,1203,sanction,제재,0,0
41 ,1204,devious,"우회하는, 기만적인, 정도가 아닌",0,0
41 ,1205,incogitant,"생각 없는, 지각없는",0,0
41 ,1206,perpetual,계속되는,0,0
41 ,1207,panache,위풍당당한,0,0
41 ,1208,shy away,"~를피하다(불안,무서워서)",0,0
41 ,1209,lyrical,"서정적인, 아름답고 열정적인",0,0
41 ,1210,transgression,해침,0,0
41 ,1211,championing,"지지하는, 대단한 옹호하는",0,0
41 ,1212,convey,"전달하다, 실어나르다, 운송하다",0,0
41 ,1213,as though,as if,0,0
41 ,1214,evanescent,"덧없는, 쉽게사라지는",0,0
41 ,1215,insurmountable,넘어설수없는,0,0
41 ,1216,taciturn,과묵한,0,0
41 ,1217,whimsical,"엉뚱한, 기발한,변덕스러운",0,0
41 ,1218,undecided,"우유부단한, 미정의",0,0
41 ,1219,obsequious,"아부하는,사대주의",0,0
41 ,1220,winning,"이긴,마음을 끄는, 애교있는",0,0
41 ,1221,slumber,"졸다, 일없이 보내다",0,0
41 ,1222,undermine,"약화시키다, 꺾다.",0,0
41 ,1223,speculation,추측,0,0
41 ,1224,blatant,"노골적인, 뻔뻔한",0,0
41 ,1225,covet,"탐내다, 갈망하다",0,0
41 ,1226,condone,"용납하다,용서하다",0,0
41 ,1227,blemish,"티, 흠집",0,0
41 ,1228,emulate,모방하다,0,0
41 ,1229,censure,"견책, 질책, 불신임, 비난",0,0
41 ,1230,accentuate,강조하다,0,0
42 ,1231,perish,"죽다, 소멸되다, 비명횡사하다, ",0,0
42 ,1232,prefigure,예시하다,0,0
42 ,1233,dissident,"반체제 인사, 반대의",0,0
42 ,1234,inordinate,"지나친, 무절제한",0,0
42 ,1235,instigate,부추기다,0,0
42 ,1236,grandiosity,"웅장함, 과장, 거창하기만한",0,0
42 ,1237,unfeasible,"실행할수 없는,실용적이지못한",0,0
42 ,1238,willowy,나긋나긋 가냘픈,0,0
42 ,1239,engender,"발생하게하다, 불러일으키다",0,0
42 ,1240,dearth,"부족, 고갈",0,0
42 ,1241,arcane,"신비로운, 불가사의",0,0
42 ,1242,feigning,"가장하는, ~체인척 하고",0,0
42 ,1243,whip up,"빨리 준비하다, 유발하다, 흥분시키다",0,0
42 ,1244,ignominy,"불명예, 수치",0,0
42 ,1245,flinch,"뒤로 물러서는, 움찔하다",0,0
42 ,1246,awry in,"빗나간, 엉망이된,잘못된",0,0
42 ,1247,gravitas,진지함,0,0
42 ,1248,frenzy,"광분, 공란, 다툼",0,0
42 ,1249,purveyor,전달자,0,0
42 ,1250,subsist,살아가다.,0,0
42 ,1251,diplomatic,"수완이 좋은, 돌려서 말하는",0,0
42 ,1252,apropos,"~에 관하여, 적절한",0,0
42 ,1253,offset in,상쇄 벌충하다,0,0
42 ,1254,profligate,"낭비하는, 난봉의, 방탕한",0,0
42 ,1255,schism,"분립, 분열",0,0
42 ,1256,disarray,흐트러트리다,0,0
42 ,1257,immaterial,"중요하지않은, 실체가없는",0,0
42 ,1258,contention,"논쟁, 언쟁",0,0
42 ,1259,lenient,관대한 온화한,0,0
42 ,1260,irascibility,"성미급한, 성마름, 화잘내는",0,0
43 ,1261,jettison,"버려지다, 투하하다",0,0
43 ,1262,impeded,"지연시키다,방해하다",0,0
43 ,1263,municipal,"지방자체제의, 시립의",0,0
43 ,1264,concocting,"꾸며내다, 짜다, 꾀하다",0,0
43 ,1265,thwarted,"방해받은, 좌절된",0,0
43 ,1266,congeniality,"일치, 합치성, 적합성",0,0
43 ,1267,condescending,"거들먹거리는, 잘난체하는",0,0
43 ,1268,embittered,씁쓸한,0,0
43 ,1269,peevish,"화를 잘내는, 짜증을 잘내는",0,0
43 ,1270,fudge,헛소리하는,0,0
43 ,1271,encomium,칭찬/찬사,0,0
43 ,1272,dote on,애지중지하다,0,0
43 ,1273,crude,대충의 대강의,0,0
43 ,1274,transcend,초월,0,0
43 ,1275,rehash,"재탕하다, 반복하다",0,0
43 ,1276,wherewithal,"수단, 방법, 돈, 여력",0,0
43 ,1277,expatriate,"국외 거주자, 이주하다, 추방하다",0,0
43 ,1278,intrasigence,"비타협적인,양보안함",0,0
43 ,1279,emulation,"모방, 따라하다",0,0
43 ,1280,quips,재담,0,0
43 ,1281,staleness,"부패, 진부, 퀴퀴함",0,0
43 ,1282,overlook,"간과하다, 눈감아주다",0,0
43 ,1283,dogmatic,독재적인,0,0
43 ,1284,punctuate,"간간이 끼어들다, 끊다, 구두점을찍다",0,0
43 ,1285,negligible,"무시해도될정도의, 극미의, 중요하지않은",0,0
43 ,1286,oppressive,"억압하는 탄압하는 ,숨이 막힐듯한",0,0
43 ,1287,cloister,회랑,0,0
43 ,1288,prose,산문,0,0
43 ,1289,rave,"(연극,영화) 극찬, 격찬,고함치다",0,0
43 ,1290,discursive,"논증(추론)적인, 산만한",0,0
44 ,1291,brook,"개울, 용납하지 않다, 견디다",0,0
44 ,1292,finicky,"몹시 까다로운, 세밀한",0,0
44 ,1293,incandescent,빛나는열렬한,0,0
44 ,1294,austerity,"금욕하는, 절제하는",0,0
44 ,1295,ephemeral,"일시적인, 단기적인, 단명하는",0,0
44 ,1296,tonic,"원기회복제, 강장제, 성조 음절",0,0
44 ,1297,scintillating,"재기넘치는, 아주재밌는",0,0
44 ,1298,refractive,굴절,0,0
44 ,1299,indeterminacy,"불확정성, 부정",0,0
44 ,1300,preachy,설교하려 드는,0,0
44 ,1301,tedium,따분함,0,0
44 ,1302,inland counterparts,내륙,0,0
44 ,1303,titillate,"성적으로 자극하다, 흥분시키다, 자극적인",0,0
44 ,1304,spate,"안좋은 일의 빈발, 범람한",0,0
44 ,1305,dossier,서류 일습,0,0
44 ,1306,legitimacy,"합법성, 적합성,정당성",0,0
44 ,1307,astute about,"약삭빠른, 영악한",0,0
44 ,1308,vaunty,"자랑하는, 자만하는, 허풍떠는",0,0
44 ,1309,impoverish,빈곤 가난하게하다,0,0
44 ,1310,idiosyncratic,"특유의, 특질의, 기이한",0,0
44 ,1311,impending,"임박한, 곧 닥칠",0,0
44 ,1312,enigmatic,"수수께끼같은, 불가사의의",0,0
44 ,1313,sunder,"나누다,",0,0
44 ,1314,unwitty,"총명하지 못한, 우둔한",0,0
44 ,1315,prolix,장황한 지루한,0,0
44 ,1316,unblemished,"흠 하나 없는, 깨끗한",0,0
44 ,1317,venturesome,"모험적인, 대담한",0,0
44 ,1318,adverse,"부정적인, 불리한",0,0
44 ,1319,flabbergast,"깜짝놀라게하다, 기절초풍시키다",0,0
44 ,1320,precarious,"불안정한, 위태로운",0,0
45 ,1321,sonorous,"듣기좋은, 낭랑한",0,0
45 ,1322,natter,"지껄였다, 잡담하다",0,0
45 ,1323,bleak,"황량한, 흐린, 쓸쓸한",0,0
45 ,1324,humdrum,"평범, 단조로운, 지루한",0,0
45 ,1325,flagrant,"악명높은, 파렴치하게, 노골적인",0,0
45 ,1326,irresolute   ,"결단력 없는, 우유부단한",0,0
45 ,1327,intrude,"침입하다, 침범하다, 방해하다",0,0
45 ,1328,impertinence,"건방짐, 무례함",0,0
45 ,1329,qualify,"제한하다, 한정하다",0,0
45 ,1330,fetter,구속하다,0,0
45 ,1331,incisice,"통렬한, 날카로운, 신랄함",0,0
45 ,1332,denomination,"교파, 액면가",0,0
45 ,1333,mercenary,"용병, 이욕을 탐하는, 돈만목적",0,0
45 ,1334,inertial,활동이 없는,0,0
45 ,1335,scrutinize,세심히 살피다 면밀조사하다,0,0
45 ,1336,vagary,"예측불허의 변화, 괴팍한 언행, 변덕",0,0
45 ,1337,improvised,즉흥의,0,0
45 ,1338,archaic,"낡은, 폐물이됨, 구식인",0,0
45 ,1339,intransigent,"고집스러운, 비협조적인",0,0
45 ,1340,contemptuous,"경멸하는, 업신여기는",0,0
45 ,1341,lavish,사치스러운,0,0
45 ,1342,oust,"몰아내다, 축출하다",0,0
45 ,1343,querulous,"불평하는, 짜증내는,툴툴대는",0,0
45 ,1344,rigid,"엄격한, 융통성없는",0,0
45 ,1345,antiquate,"한물가게하다, 골동품이되다",0,0
45 ,1346,let ~ slip by,"그냥 넘기다, 놓치다",0,0
45 ,1347,tenable,"유지되는, 쉽게방어가능한",0,0
45 ,1348,compliance,"고분고분함, 순종, 협력",0,0
45 ,1349,feeble,아주약한,0,0
45 ,1350,maelstrom,큰 동요 대혼란,0,0
46 ,1351,avowing,"맹세하는, 공언한",0,0
46 ,1352,all the more,더욱이 ~하다,0,0
46 ,1353,unalloyed,"완전한,순수한, 합금이아닌",0,0
46 ,1354,sabotage,"방해행위, 방해하다 의도적",0,0
46 ,1355,rudimentary,"가장기본적인, 제대로발달못한",0,0
46 ,1356,downright,완전히,0,0
46 ,1357,caterwauling ,"새된소리를내다, 고양이소리",0,0
46 ,1358,portend,"전조, 징후가되다",0,0
46 ,1359,elation,"크게 기뻐함, 득의",0,0
46 ,1360,iconoclastic,"우상파괴자, 인습타파주의",0,0
46 ,1361,conflate,합치다. 섞다. 하나로만들다,0,0
46 ,1362,piecemeal,"단편적인, 조금씩일어난",0,0
46 ,1363,efficacious,효율적인,0,0
46 ,1364,ensuing,계속되는,0,0
46 ,1365,corterie,"like-minded, 같은 의견의",0,0
46 ,1366,impeding,방해하는,0,0
46 ,1367,trenchancy,"예리, 통렬, 날카로움",0,0
46 ,1368,after all,결국,0,0
46 ,1369,reductive,환원주의적인,0,0
46 ,1370,flout,"모욕하다, 업신여기다",0,0
46 ,1371,concoct,"날조하다, 꾸미다",0,0
46 ,1372,feck,"훔치다, 무단 차용하다",0,0
46 ,1373,meteoric,유성의,0,0
46 ,1374,abet,"교사하다, 사주하다, 부추기다",0,0
46 ,1375,irreverent,"불경한,불손한",0,0
46 ,1376,disregard,"무시하다, 묵살하다",0,0
46 ,1377,erudite,"학식있는, 박식한",0,0
46 ,1378,adulate,"아첨하다, 비위맞추다",0,0
46 ,1379,valediction,작별인사,0,0
46 ,1380,intelligibility,"알기쉬움, 명료한 것, 명료도",0,0
47 ,1381,transitory,"일시적인, 덧없는",0,0
47 ,1382,vagrant,"부랑자, 일정치 않은",0,0
47 ,1383,impunity,"무사함, 형벌을 안받음",0,0
47 ,1384,immoderate,"과도한, 터무니없는",0,0
47 ,1385,complacent,"현실에 안주하는, 자기만족적인",0,0
47 ,1386,belated,뒤늦은,0,0
47 ,1387,solemn,"침통한, 근엄한",0,0
47 ,1388,treacherous,"기만적인, 신뢰할 수 없는",0,0
47 ,1389,diaphanous,"투명한, 내비치는, 희박한",0,0
47 ,1390,largesse,"후함, 후한행위, 선물, 부조금",0,0
47 ,1391,self perpetuating,"무제한, 계속갈수있는",0,0
47 ,1392,sermon,설교,0,0
47 ,1393,upheave,"들어올리다, 대소동을 일으키다",0,0
47 ,1394,deft,"날랜, 재빠른, 숙련된",0,0
47 ,1395,insinuate,"(불쾌한일을)암시하다, 환심 존경등을 사다",0,0
47 ,1396,ethos,"기풍, 정신",0,0
47 ,1397,warbling,"불안정하게 노래하다, 안장의혹",0,0
47 ,1398,excerpt,인용하다,0,0
47 ,1399,motley,"여러가지로 이루어진, 혼성의",0,0
47 ,1400,recant,"철회하다, 취소하다",0,0
47 ,1401,anachronistic," 시대착오의, 시대에뒤진",0,0
47 ,1402,wavering,흔들리는,0,0
47 ,1403,veneration,"사랑, 존경",0,0
47 ,1404,allegiance,"충성, ",0,0
47 ,1405,attorney,"변호사, 대리인",0,0
47 ,1406,inimical,"해로운, 적대적인",0,0
47 ,1407,ascent,"올라감, 상승, 진보",0,0
47 ,1408,swayed,흔들리다,0,0
47 ,1409,serendipity,"뜻밖의 재미, 우연한 발견",0,0
47 ,1410,forage,먹이를 찾다,0,0
48 ,1411,mawkishness,별나게 감상적인,0,0
48 ,1412,dispel,"떨쳐버리다, 불식시키다, 척결하다",0,0
48 ,1413,aggrandize,잘난척 잘났다고하다,0,0
48 ,1414,circumscribed,한정된,0,0
48 ,1415,apotheosize        ,신격화하다/...을 찬미하다/예찬,0,0
48 ,1416,abominate,"혐오하다, 싫어하다",0,0
48 ,1417,jovial,"아주 쾌활한, 명랑한",0,0
48 ,1418,pensiveness,수심에 잠김,0,0
48 ,1419,insolent,"건방진,무례한",0,0
48 ,1420,repudiate,"거부하다, 물리치다, 부인하다, 의절하다",0,0
48 ,1421,debacle,대실패,0,0
48 ,1422,invoke,"들먹이다,언급하다",0,0
48 ,1423,imparting,"정보, 지식을 전하다",0,0
48 ,1424,aphorism,"경구, 어구",0,0
48 ,1425,anoint,"성유를 바르다, 바르다",0,0
48 ,1426,mendacious,거짓말을잘하는,0,0
48 ,1427,castigating,"크게 책망하는, 혹평하는",0,0
48 ,1428,beneficent,"친절한, 자선의, 도움을주는",0,0
48 ,1429,encomium,칭찬,0,0
48 ,1430,collusive,"공모의, 결탁한",0,0
48 ,1431,satirize,풍자하다,0,0
48 ,1432,subversive,"반항하는, 저항세력",0,0
48 ,1433,verbose,"장황한, 말이 많은",0,0
48 ,1434,incisive,"날카로운, 예리한",0,0
48 ,1435,coagulation,결합,0,0
48 ,1436,unqualified,"무제한의, 제한이 없는",0,0
48 ,1437,aver,"단언하다, 주정하다",0,0
48 ,1438,discreet,"신중한, 조심스러운",0,0
48 ,1439,codifying,"성문화하다, 편찬하다",0,0
48 ,1440,courteous,"공손한, 정중한",0,0
49 ,1441,indelible,"잊을 수 없는, 지워지지 않는",0,0
49 ,1442,cursory,서두르는,0,0
49 ,1443,compel,"강요하다, ~하게 만들다",0,0
49 ,1444,conscience,양심 ,0,0
49 ,1445,falsehood,"거짓말하기, 거짓말",0,0
49 ,1446,jarring,"삐걱거림, 부조화, 충돌",0,0
49 ,1447,disparaged,"폄하된, 무시된",0,0
49 ,1448,limpid,"맑은, 초롱초롱한, 깨끗한",0,0
49 ,1449,excoriate,호되게 비난하다. 껍질을 벗기다,0,0
49 ,1450,demeanor,"태도, 행실, 품행",0,0
49 ,1451,credential,"자격증을 수여하다, 신임장",0,0
49 ,1452,glib,"구변좋은, 말을 잘하는",0,0
49 ,1453,as to,"~에 관해서는, as regards",0,0
49 ,1454,foolproff,"exemplary, impeccable, 완벽한",0,0
49 ,1455,stagnate,"침체되다, 부진해지다",0,0
49 ,1456,onthology,존재론,0,0
49 ,1457,cinch,"아주쉬운일, 틀림없이~를할사람",0,0
49 ,1458,abash,당황케하다,0,0
49 ,1459,conceivable,상상할 수 있는,0,0
49 ,1460,enliven,"더 재밌게하다, 더 생동감있게 하다.",0,0
49 ,1461,exquisite,"정교한, 아주아름다운",0,0
49 ,1462,squelched,"궁지에몰려 할말이 없는, 진압당한",0,0
49 ,1463,jocular,우스운,0,0
49 ,1464,exploited,학대받는,0,0
49 ,1465,tourniquet,"지혈대, 압박대",0,0
49 ,1466,contingent on,~의 여부에 따라,0,0
49 ,1467,murky,"흐린, 탁한",0,0
49 ,1468,edifying,"교화적인, 유익한, 훈계하는",0,0
49 ,1469,crass,"무신경한, 터무니 없는",0,0
49 ,1470,carouse,술을 마시며 흥청거리다,0,0
50 ,1471,ascribed to ~,"~의 결과로 간주하다, ~의 탓(덕)이다.",0,0
50 ,1472,suffrage,"투표권, 선거권, 참정권",0,0
50 ,1473,underhand,"부정직한, 비밀의",0,0
50 ,1474,far-fetched,억지로 무리하게 갖다붙인,0,0
50 ,1475,incumbent,"재임자, 재임중인",0,0
50 ,1476,fare,살아나가다,0,0
50 ,1477,cognizance,"인지, 이해",0,0
50 ,1478,replete,"가득한, 충분한, 몹시 배부른",0,0
50 ,1479,unctuous,"번지르르한, 간지러운, 녹이는",0,0
50 ,1480,fatuous,"어리석은, 얼빠진",0,0
50 ,1481,effervescent,"활기있는, 흥분한, 거품투성이의",0,0
50 ,1482,composed,"침착한, 차분한",0,0
50 ,1483,genial,"친절한, 다정한",0,0
50 ,1484,assailable,공격할 수 있는,0,0
50 ,1485,furtive,"은밀한, 엉큼한, 몰래",0,0
50 ,1486,puerile,"유치한, 바보같은, 어린",0,0
50 ,1487,tenet,~주의,0,0
50 ,1488,revile,비난하다,0,0
50 ,1489,fusty,케케묵은,0,0
50 ,1490,naivete,"소박한,단순한,순진한",0,0
50 ,1491,profusion,"다량의, 풍성한",0,0
50 ,1492,sequester,"격리시키다, 은거하다",0,0
50 ,1493,wane,"약해지다,줄어들다, 시들해지다",0,0
50 ,1494,pensivenss,"멍하니 골똘생각, 애수어린",0,0
50 ,1495,stifle,"억누름, 억압",0,0
50 ,1496,bureaucratic,"관료의, 관료주의적인",0,0
50 ,1497,paraphernalia,"신변소지품, 설비 (잘안노옴)",0,0
50 ,1498,ecletic,다방면에 걸친,0,0
50 ,1499,unostentatious,"순수한 소박한, 거만떨지않는",0,0
50 ,1500,barring,"~를 제외하고, ~가 없다면",0,0